username,email,pass,gender,birthdate,country,region
Nagham21,nagham.351@example.com,fudodasote5#,F,1989-04-14,United Arab Emirates,Asia & Pacific
Chloe94,chloe.694@example.com,zuvufomele6!,F,1958-04-22,Canada,North & South America
Sophia11,sophia.837@example.com,yexubexasa2%,F,1994-04-13,Canada,North & South America
Ross27,ross.776@example.com,fuxicaxaxi8%,M,1996-04-12,Nigeria,Africa & Middle East
Olivia18,olivia.362@example.com,wuyelajiwi6@,F,1982-04-16,Australia,Asia & Pacific
Omar41,omar.788@example.com,bileqahude8#,M,1981-04-16,United Arab Emirates,Asia & Pacific
Liam16,liam.507@example.com,sihuhipeca8#,M,1966-04-20,Nigeria,Africa & Middle East
John78,john.393@example.com,yiyorakaho0^,M,1998-04-12,Norway,"Europe, Africa & Middle East"
Rachel69,rachel.308@example.com,diduyozeni9%,F,1981-04-16,Egypt,Africa & Middle East
Liam59,liam.892@example.com,lecegiqeli4*,M,1978-04-17,Brazil,North & South America
Lucas85,lucas.128@example.com,riyewafiyo5%,M,1970-04-19,United Arab Emirates,Asia & Pacific
Mateo100,mateo.768@example.com,tewuyehafa2%,M,1970-04-19,Brazil,North & South America
Chandler79,chandler.692@example.com,yozubivohu6%,M,1987-04-15,France,"Europe, Africa & Middle East"
Lina92,lina.530@example.com,gupumoquyo6$,F,1964-04-20,Turkey,"Europe, Africa & Middle East"
Amelia92,amelia.262@example.com,jaxuyudixu7#,F,1957-04-22,France,"Europe, Africa & Middle East"
Chandler32,chandler.44@example.com,futixuyoho8$,M,2006-04-10,Italy,"Europe, Africa & Middle East"
Chloe18,chloe.518@example.com,teneqagafe7^,F,1967-04-20,Japan,Asia & Pacific
Khaled14,khaled.803@example.com,dubupakida2@,M,1992-04-13,Italy,"Europe, Africa & Middle East"
Amelia23,amelia.331@example.com,fekigelacu1#,F,1973-04-18,Japan,Asia & Pacific
Kenji27,kenji.5@example.com,cicuciwaha1%,M,1972-04-18,Norway,"Europe, Africa & Middle East"
Jack34,jack.366@example.com,qocuwevuti4%,M,1967-04-20,Norway,"Europe, Africa & Middle East"
Anna52,anna.152@example.com,zifixebumi9!,F,1983-04-16,Germany,"Europe, Africa & Middle East"
Liam65,liam.737@example.com,pifonovara5%,M,1989-04-14,Indonesia,Asia & Pacific
Phoebe22,phoebe.497@example.com,yigufipuhi1!,F,1969-04-19,Jordan,Asia & Pacific
Jayden45,jayden.732@example.com,xoxobizubu6!,M,1971-04-19,China,Asia & Pacific
Aisha94,aisha.270@example.com,kepaberase1#,F,1972-04-18,Egypt,Africa & Middle East
Raj68,raj.353@example.com,kosudapovu8&,M,1965-04-20,United States,North & South America
Ahmed25,ahmed.282@example.com,luwomumapo0&,M,1983-04-16,Italy,"Europe, Africa & Middle East"
Isabella93,isabella.984@example.com,hohorakulo4$,F,1988-04-14,Turkey,"Europe, Africa & Middle East"
Youssef74,youssef.154@example.com,pogoxeroga1@,M,2001-04-11,Jordan,Asia & Pacific
Jack46,jack.183@example.com,jiyuvoridu6%,M,1990-04-14,Brazil,North & South America
Olivia27,olivia.463@example.com,kugetefaka3!,F,1992-04-13,Canada,North & South America
Liam92,liam.334@example.com,tegufoxira6%,M,2006-04-10,United Kingdom,"Europe, Africa & Middle East"
Nagham18,nagham.740@example.com,toculodoze9@,F,2003-04-11,United Kingdom,"Europe, Africa & Middle East"
Noah34,noah.61@example.com,ruviyehuko8$,M,2001-04-11,South Africa,Africa & Middle East
Ross69,ross.653@example.com,coyeyizese0@,M,1970-04-19,Germany,"Europe, Africa & Middle East"
Maria42,maria.355@example.com,xixubenumo1$,F,1966-04-20,South Africa,Africa & Middle East
Maria1,maria.771@example.com,gejorivuqa5^,F,1971-04-19,Germany,"Europe, Africa & Middle East"
Maria35,maria.266@example.com,zasonugiba5@,F,1954-04-23,China,Asia & Pacific
Maria99,maria.5@example.com,hiwotobojo6@,F,1990-04-14,United Kingdom,"Europe, Africa & Middle East"
Jack18,jack.660@example.com,wurabavupe2@,M,1978-04-17,Saudi Arabia,Asia & Pacific
John7,john.337@example.com,mobihizuyu0#,M,1970-04-19,Japan,Asia & Pacific
Anna33,anna.248@example.com,gudavumojo2*,F,1962-04-21,Turkey,"Europe, Africa & Middle East"
Cris80,cris.657@example.com,culeqiwepe6%,M,1967-04-20,Germany,"Europe, Africa & Middle East"
Lucas21,lucas.871@example.com,yasapanawe0%,M,2002-04-11,Indonesia,Asia & Pacific
Monica2,monica.533@example.com,siwukeyoqi3&,F,1992-04-13,United Arab Emirates,Asia & Pacific
Yassin88,yassin.359@example.com,feguridiqu1&,M,2001-04-11,Egypt,Africa & Middle East
Youssef89,youssef.635@example.com,nilasoqafe8#,M,1976-04-17,Nigeria,Africa & Middle East
Malak14,malak.801@example.com,webapalesi5^,F,2005-04-10,Japan,Asia & Pacific
Ahmed97,ahmed.32@example.com,dutezuqito3&,M,1989-04-14,Saudi Arabia,Asia & Pacific
Raj63,raj.896@example.com,jojemaduza1&,M,1965-04-20,India,Asia & Pacific
Isabella9,isabella.935@example.com,kocohofubi1*,F,1987-04-15,Indonesia,Asia & Pacific
Liam62,liam.29@example.com,vapihupiwa0-,M,1966-04-20,United Kingdom,"Europe, Africa & Middle East"
Cris55,cris.865@example.com,mubelufeci1#,M,1966-04-20,Spain,"Europe, Africa & Middle East"
Hana86,hana.584@example.com,walanoxoki3$,F,2003-04-11,Brazil,North & South America
Lucas22,lucas.652@example.com,zopuxoropi6$,M,1974-04-18,Australia,Asia & Pacific
Khaled37,khaled.831@example.com,muqokozone3&,M,1994-04-13,United Kingdom,"Europe, Africa & Middle East"
Ahmed33,ahmed.641@example.com,quceburiqo6^,M,1974-04-18,United States,North & South America
Phoebe66,phoebe.457@example.com,dalodakina0&,F,1968-04-19,United States,North & South America
Ross94,ross.564@example.com,cemejepevo3!,M,1957-04-22,United States,North & South America
Anna35,anna.869@example.com,qojizoqago7@,F,1957-04-22,Australia,Asia & Pacific
Omar37,omar.490@example.com,qelayujuto3-,M,1965-04-20,Brazil,North & South America
Youssef3,youssef.955@example.com,dekerewebi3&,M,2004-04-10,Mexico,North & South America
Wei7,wei.155@example.com,fusilohuwe7-,M,1976-04-17,India,Asia & Pacific
Yasser3,yasser.806@example.com,toneluqega2&,M,1985-04-15,Turkey,"Europe, Africa & Middle East"
Khaled54,khaled.619@example.com,nitujuxuxi1&,M,2003-04-11,United Kingdom,"Europe, Africa & Middle East"
Chandler10,chandler.614@example.com,boluhesovi3^,M,1984-04-15,India,Asia & Pacific
Jayden7,jayden.78@example.com,zecakiyata9@,M,1984-04-15,Japan,Asia & Pacific
Maria6,maria.58@example.com,hirevowizu0-,F,1978-04-17,Australia,Asia & Pacific
Mateo92,mateo.644@example.com,qeculitoji0@,M,1978-04-17,Nigeria,Africa & Middle East
Mateo34,mateo.100@example.com,hixaseyuze5!,M,1971-04-19,Canada,North & South America
Olivia5,olivia.895@example.com,kobuyuyupe0#,F,1998-04-12,South Korea,Asia & Pacific
Rachel39,rachel.570@example.com,ruyurimeme6@,F,1989-04-14,Spain,"Europe, Africa & Middle East"
Khaled60,khaled.558@example.com,polazoduho7!,M,1978-04-17,Jordan,Asia & Pacific
Lucas6,lucas.461@example.com,fapemutuva3-,M,1975-04-18,Finland,"Europe, Africa & Middle East"
Cris15,cris.384@example.com,vequrawija0@,M,1979-04-17,India,Asia & Pacific
Chandler52,chandler.848@example.com,pazokiyisu2^,M,1995-04-13,South Africa,Africa & Middle East
Ahmed16,ahmed.720@example.com,yujiromume3-,M,1964-04-20,Italy,"Europe, Africa & Middle East"
Nour36,nour.717@example.com,dopilekogu1!,F,1975-04-18,South Korea,Asia & Pacific
Mariam46,mariam.141@example.com,defetorizo4-,F,1956-04-22,United Arab Emirates,Asia & Pacific
Khaled21,khaled.540@example.com,segatekiqo9-,M,1997-04-12,Nigeria,Africa & Middle East
Malak39,malak.571@example.com,zaxatezeqo6-,F,1997-04-12,Italy,"Europe, Africa & Middle East"
Isabella92,isabella.99@example.com,vetofubuzu6&,F,1959-04-22,Finland,"Europe, Africa & Middle East"
Chloe46,chloe.767@example.com,ludihoneve6^,F,1993-04-13,South Korea,Asia & Pacific
Ahmed8,ahmed.379@example.com,zineyuwema5#,M,1991-04-14,Saudi Arabia,Asia & Pacific
Youssef83,youssef.823@example.com,wuyibucelu9-,M,1999-04-12,Mexico,North & South America
Chandler76,chandler.833@example.com,vumaruwomo1@,M,2006-04-10,Australia,Asia & Pacific
Liam95,liam.503@example.com,hozasehemi0&,M,2002-04-11,Turkey,"Europe, Africa & Middle East"
Nagham90,nagham.940@example.com,qaropicevu4%,F,1954-04-23,Saudi Arabia,Asia & Pacific
Aisha81,aisha.245@example.com,meqefeqato4&,F,1999-04-12,Italy,"Europe, Africa & Middle East"
Raj14,raj.42@example.com,ceromozase5^,M,1975-04-18,Russia,"Europe, Africa & Middle East"
Omar30,omar.325@example.com,putanuyayu3$,M,1977-04-17,Norway,"Europe, Africa & Middle East"
Nagham7,nagham.57@example.com,yimiruyani0!,F,1979-04-17,India,Asia & Pacific
Omar89,omar.208@example.com,runebilabi7-,M,1997-04-12,India,Asia & Pacific
Sophia27,sophia.529@example.com,diqedodegu9!,F,2001-04-11,Egypt,Africa & Middle East
Mohamed64,mohamed.396@example.com,micovenuxe4!,M,1977-04-17,Turkey,"Europe, Africa & Middle East"
Nour85,nour.632@example.com,yehudutoso6*,F,1959-04-22,Egypt,Africa & Middle East
Jayden13,jayden.481@example.com,tebagoqudo5&,M,1958-04-22,China,Asia & Pacific
Noah45,noah.164@example.com,kezupaxuma5!,M,1982-04-16,Canada,North & South America
Chandler36,chandler.829@example.com,jocovulixi6-,M,1986-04-15,Mexico,North & South America
